aav	aust1305	jah cwg kns knq tnz jhi mnq btq mzt sea tea ssm lnh sbo mhe szc sza tmo alk cua tdf tpu kta tkz tdr bdq moo hre ren sed kxy hal jeh hld xkk rmx kpm cma crw mng cmo rka mnn stt sti nev oyb spu krv krr brb lbo sqq stg pac phg ktv kuf ngt tto oog tth bru ncq sct sss brv kdt nyl aml kha pbv lyg mef dnu lbn uuu huo mml mqt tlq bgk kjm blr stu lwl lcp vwa wbm prk rbb pce pll ril yin khm kxm qok mra kjg khf puo tyh pnx mlf prt zng ply bbh mnw cbn omx kfq biy cdz mmj trd asr bix hoc unr ksz kfp ekl mjx sat gaq jun khr gbj bfw pcj juy srb caq ncb nik crv tef pcb cog smu scq syo thm aem scb pkt hnu tou vie bgl mtq nuo 
afa	afro1255	auj gha jbn kab tzm shi gho sjs swn siz thv taq ttq thz gnc tez zen cnu sds shy rif grr tia mzb oua tjo mqb mlr gid hya kvj bcw hig fkk jia xmj kot kqx xed hia vem mrt hbb mfm bwr ckl ngx mfl cie dgh gdf ngs mfh pbi glw mfi dme meq gnd mif mfk mxu mlw muy udl bdn gis giz mje mpk mug bdm aal mxf msv mpi syk bcy bta gdu hod jim ngw nja fli gde swq tsh ziz xmd hna bhs gou dkx dbq bvw gqa hwo jaf ttr cuv maf mfj jie bva moz muj btf mou trj bid daa mmy jeu ckq mes mub zrn mcw ubi saa sok tax ker kvi lln nnc kvf tng gab kqp mvh ndm sor tmc bvf gdk mlj swy mpg mse mcn zuy hed zim nnn lme fie tdk kul cla scw kbz mmf gwn hau kai glo kks nbh bxq bol gew gea dbb kof bvh ktc mew nmi kna kuh pip piy tan kpa ksq sur gek mtl ank kcs pcw tal cky kwl mjs anc dbp ngi bde auo twc ajw tgd dwa bbt pqa sir jmb kil mkf wji bux kkr zns grd jmi juu tak zah gji ldd plj dot zua say zaz bej awn ahg byn xan dal bji hdy liq alw ktb drs sid aar ssy kxc dox gdl gaz gax orc hae ssn ymm rel som bsw jii dbr tqq bob gex arv dsh elo muu gwd tsb bnl aas wka bds wbj gow irk cop egy akk xeb xna arb abv adf afb ayh acw jye ars acx ayn ssh acq acm abh auz yhd ayp avl arz aec bbz shu kcn apd pga acy apc ajp arq aao mey ajt yud aju ayl mlt aeb xaa ary uga oar syc bhn hrt aii cld tmr bjf lsd trg kqd aij huy syn lhs tru myz mid jpa sam amw hbo heb smp phn xpu xhd rzh inm xqt xsa gez gft gru mvz sgw ior mys amh agj har zwa stv wle tir dlk tig shv sqt hoh bhm hss gdq 
alg	algo1256	chy mez bla nwa arp ats atj moe nsk crm crl crk crj csw cwd crr aaq pqm mic pim abe mjy umu unm nnt psy xlo mof wam qyp mia sjw kic sac pot otw ojc ciw ojg ojb ojw alq ojs 
alv	atla1278	gol msw lma lia bun bmf buy kqs kss bmd bsp bgo ldm tem ble bjt bda dyo csk eja hhr cwt krx mlo bqj gsl knf mfv pbo bjg ndv fap sav cae snf bab bcz ccj kcj bcg mbv naj srr fuc fub fui fue ffm fuf fuq fuv fuh pbp bif cou bsc tnr wof wol ega ged oks kcf ibe epi deg enn aaa une ets bin ema ish atg oso env igw ikp sxs iya uha ehu uku opa olm ayk okx erh iso oke urh evh tik ccg dir ldh doh ttb ndr sgi knp mcu mzk kgt twn luw njr yei bgu mcj nuh vut www bqd mij bwh bqw bju fak kid muc boe byb bzv dmo buz jms mff asj nhu cug ncr alf bkv btt bky byp bzy afe uba ukp mfo nbb etu isi abm eka nbp ofu ndd xmb ngv bbu bma mma dbo jku gua bau dbm jar bil mbu gwb ken anv kvm bvb bcp bkf rwm brf bhy kzy kmw bip kkq lik kty agh bww pae kbj jgb nyc hom myc nbd boy bqu mye kbs pic sbw buw gev tsv ngy dii ksf lfa abb bbi bkh bas hij koq mhb syx nda wum zmn nra nxo sak keb bvg nkc bwt bsi mbo bss bqz gyi nmg kkj kwu pmm bmw bkw mgg mcx ukh mkk biw mcp sox ozm njy bnm bng nui yko dua mzd kme szv bri bdu bqm bxc syi bum eto fan beb bxp ewo yey szg bli nto mdq lol nxd dez oml yel skt buf lel won hba ksv tll lse bbm bwl tmv bkp bml loq nkw soe biz mow bni bxg lin mmz ndw bkt liz lie bws bmg bzo dzn lgz ngc bja bzm ndl lyn mxo mho mhw nye sie zms khy loo pof mwz soc hum mkw ktu kng kwy vif yom bwz lup puu vum snq bbg swj dde xku ldi sdj beq njx sub yaf akw koh mdu mdw kxx kwc zmx bok bvx mdn ndn bkj axk bui ngd nka kqn lub sng kny bnx hem lua bpj luj lwa sop kzo nmd tck mdt nlo mbm teg sxe nzb tsa dma wdd tek ngz ebo ifm kkw tyx lli tyi iyx hol kws mxg pem mdp shc blv kmb nsx smd cjk lue lch nkn nba lum mck mfu slx lun kcv rnd umb olu xdo nql her dhm kua lnb kwm ndo nne khu nyk diu kwn ndq nzd boh tii diz smx yns zmf zmp noq soo sby dov ilb leh shq toi sbs ttl fwe mgq sbk wun piw fip mgr mwn rnw wbh lai nkt nkv nyr nih ndh nyy gey zmb lag mgz dhs kam cuh mer thk soz ebu kik mws rub guz kuj sxb ssc ikz ntk ngq zak cwa jit reg kya rag ida bxk lkb myx nle lks lrm nyd lts lto lwg lko lri lsm nuj ked zin lug gwr sgm lke xog nix ruc tlj cgg nyn nyo ttj hay now kcw shr tbt nyg flr job hav hke haq kin run vin han suj koo nnb gwe rof hka old vun jmc rwk tga dav pkb wlc zdj swb wni coh dug nyf dig seg mlk wmw swc ccl swh asa tvs kki doe ruf kcu cwe kdc zaj gog bou ksb ngp xma sbm vid bez heh gmx zga kiz pbr mgs ngo sbp wbi suw kiv kcz nym suk bdp tny nyj bmb sod byi hoo lgm khx lea zmq ktf isn nim rim ndj poy mgy mgv mpa nnq mgw ndg dne nxi kde ymk mvw mwe yao nse bwc tap auh bem leb lam kdg ndc mxc twx sna twl kck nmq dmx cce toh nbl nde ssw xho zul rng tso tsc ven kzn eko cwb mny nte chw llb vmr tke vmk mgh xmc vmw mhm xsq ngl lon brl nso two loz sot xkv tsn kdn mjh nya bwg swk seh nyu phm tog tum lej buu zmw ndk nlj vau leo bag ttf yat lem nvo tvu yas mlb baf btc yav ekm mmu ags iyo bec bzz uiv uta tiv ckx emn ass abo amb btu brt ael bby nml fmp bbj bko byv xmg nnz nnh nla jgo nwe ybb bce bfj bbq bmo bax bgj bbw mhk azo baw bqt koc mfd nge pny bfd bfp add lmp mtk yam kdz nfu ngn mnf njj ngj nsh mgo nbv lns bbk bmv bkm kfl bfm oku bvm bse ndb bav agq isu kfn lmx weh zhw bqo bxs myg ost ato mea fum ned vit fam nfd afo tdv aab ybj xab aik ego vki mgi uji cfd iri cen fir gne izr kaj kcg sha bom etx dbi idc ikv kad khj mae pym hoe tdl bij bsx pai yer ikl ayu jid ruk mda nin rin kdp kni nns nbr kdm kci cry jab xsh zhi ahs bqv ldb yes klo ybl aku bnz byf ldq aqg ahn aye igl its mkl cbj ijj nqg ulb luq yor nqk idd ica ife xkb abn odu mgj kes ogb ogg ogu obu xoc ebg ibn iki ilv okb orx usk efa anw efi ibb ukq eke etb ibr itw itm nkz enw uda eki ide ann gkn ogo tkq bvj elm akd ibm bbs uya iko yaz kcc nbo mfn agb ldg ayi org kez eze byc yay bcs umm kkm krp igb gbr gby aum nup kka kug dio gpa kmi ige utr agc ala idu yba akf ekr ekp ikk ikw izi ibo ogc ukw kub nza juh juo jib jbu jub juk juw cfg jrr bcv ich kpk bzw buj bsl bsr amo byj grh kkd klk krh sde gnh gye sqh bte kov nar jni dza jer pwb cbo ldj xsn scv zir cch pcn dri dam dud bga gel awc bqx tsw tvd asg kdl nat cdr rod acp sqa bsf ula gvm png res lan cbq lop fah tdq blh ahm ahi bjw hwa btg kyf bev god bet ney gud gie dic kwp dee ggb bsq grj gbo gry grv gec pye ktj ted klu tja kqo nwb wob das glr oub krn krw gxx wec ada gaa ajg ayb cib gbh gbx fon gbs guw kqk mxl sxw tfi wem xwl wud xwe adq aug ewe gej kef wci avn nyb tcd keu anf ahl kpo bov xxb lgq ade blo lef akp lip snw ati aba abi adj ald avi ebr gwa kxb abr aka wss cko bci sfw mtb any aha jwi nzi doy gjn naw ayg fod acd ncu kph kye bqa nnu nlu afu lar cpn gwx abu eot kdx dai tug nie bub noy glc zna fni glj bvo kou bes goy kia mdd xuo kzr nzy kbn pnz dmm gke mcs tui mru mua pmn lak toz kow ksm mzm pgs rax bcn pbn yot tdo wav ynq dow kmp gmn kmy ver wok pfe dur ndu dae klc ndi muo wom duz nmr zmz nuu bbp yaj bqk bpd liy bfl tor gox kuw bjo mnh nue lna lnl gyg deq mgn ngb nbw yky snj sag msj doo mfc ndt muh bbe mdm gdi bme bkc gnz gbg gix nbm moj kpl yng fer myj idr tgy bdj bvi ndz swf tbm brm pmb geq nzk zne obl gbv nga mzv aiy ngg bff gmm gya bdt gbq gbp sqm bgf gso vig kfz bmq box bwy bwj bwu kma gux bim mfq xon gng aks bud nmz pil bly gur xkt mos saf dga dgd wlx dgi bfo biv kus hag jmr dag maw beh wwa ntm tbz mql soy bba dgs kqg gna dos kqm kbp las dop kdh bqg cll ntr pug kst mzw vag cli tpm sig sil sld ssl knz lee pnq xsm nuv nnw cme tuz dya lob lnu ldl moi lla yun vor bka ldk gwg bys ldo gmd pbl jen mko thy kwb wja ldp awo kcq bsj dbd cfa tul kzc nku loi lor nti pnl wbf tiq tsp wib sef seq xrb kza myk sen sep spp dyi nfr sev plr tgw ahp mka fll fal 
apa	apac1239	apk apj apl apm nav apw 
aqa	kawe1237	alc 
aql	algi1248	wiy yur chy mez bla nwa arp ats atj moe nsk crm crl crk crj csw cwd crr aaq pqm mic pim abe mjy umu unm nnt psy xlo mof wam qyp mia sjw kic sac pot otw ojc ciw ojg ojb ojw alq ojs 
art	
ath	atha1247	apk apj apl apm nav apw aht bcr bea clc chp ing gwi haa hoi koy taa srs sek tfn tcb txc tau kuu crx caf dgr scs xsl kkz tgx tht ttm tce hup ktw mvb wlk tol xup coq gce tuu 
auf	araw1282	aru pad swx jaa cul dny 
aus	
awd	araw1281	unk pab sar yaw mmh wau plu bvv gae yvt arw tnq pbg guc cab crb bae ybn rgr cbb tae bwi kpc aca pio mht ycn xir aox mpw wap ter brg pnk ign trn not cot cni cpc prq cjo cpu cpb mcb cox apu mpd inp cuj pib ame ccc 
azc	utoa1244	hop tub lui chl cup ser xgf com par shh xaw ute mnr pao tbu mfy yaq ngu azz nhq nhy nht ppl nch nhe nhw nhk nhp nhx nhc nlv ncx nhz nsu npl nhi nhn nci nhm ncj nhg xpo nhv naz nuz ncl azd azn hch crn cok opt var tar tac thh twr tcu pia ood ntp stp tla tep 
bad	band1341	zmz nuu bbp yaj bqk bpd liy bfl tor gox kuw bjo mnh nue lna lnl 
bai	bami1239	fmp bbj bko byv xmg nnz nnh nla jgo nwe ybb 
bat	east2280 prus1238	lav lit 
ber	berb1260	auj gha jbn kab tzm shi gho sjs swn siz thv taq ttq thz gnc tez zen cnu sds shy rif grr tia mzb oua tjo 
bih	biha1245	pli kyw mag tdb anp mai thr the tkt thq thl soi tkb mjz smm kra bmj dry dwz bho hns sdr sck 
bnt	narr1281	bvb bcp bkf rwm brf bhy kzy kmw bip kkq lik kty agh bww pae kbj jgb nyc hom myc nbd boy bqu mye kbs pic sbw buw gev tsv ngy dii ksf lfa abb bbi bkh bas hij koq mhb syx nda wum zmn nra nxo sak keb bvg nkc bwt bsi mbo bss bqz gyi nmg kkj kwu pmm bmw bkw mgg mcx ukh mkk biw mcp sox ozm njy bnm bng nui yko dua mzd kme szv bri bdu bqm bxc syi bum eto fan beb bxp ewo yey szg bli nto mdq lol nxd dez oml yel skt buf lel won hba ksv tll lse bbm bwl tmv bkp bml loq nkw soe biz mow bni bxg lin mmz ndw bkt liz lie bws bmg bzo dzn lgz ngc bja bzm ndl lyn mxo mho mhw nye sie zms khy loo pof mwz soc hum mkw ktu kng kwy vif yom bwz lup puu vum snq bbg swj dde xku ldi sdj beq njx sub yaf akw koh mdu mdw kxx kwc zmx bok bvx mdn ndn bkj axk bui ngd nka kqn lub sng kny bnx hem lua bpj luj lwa sop kzo nmd tck mdt nlo mbm teg sxe nzb tsa dma wdd tek ngz ebo ifm kkw tyx lli tyi iyx hol kws mxg pem mdp shc blv kmb nsx smd cjk lue lch nkn nba lum mck mfu slx lun kcv rnd umb olu xdo nql her dhm kua lnb kwm ndo nne khu nyk diu kwn ndq nzd boh tii diz smx yns zmf zmp noq soo sby dov ilb leh shq toi sbs ttl fwe mgq sbk wun piw fip mgr mwn rnw wbh lai nkt nkv nyr nih ndh nyy gey zmb lag mgz dhs kam cuh mer thk soz ebu kik mws rub guz kuj sxb ssc ikz ntk ngq zak cwa jit reg kya rag ida bxk lkb myx nle lks lrm nyd lts lto lwg lko lri lsm nuj ked zin lug gwr sgm lke xog nix ruc tlj cgg nyn nyo ttj hay now kcw shr tbt nyg flr job hav hke haq kin run vin han suj koo nnb gwe rof hka old vun jmc rwk tga dav pkb wlc zdj swb wni coh dug nyf dig seg mlk wmw swc ccl swh asa tvs kki doe ruf kcu cwe kdc zaj gog bou ksb ngp xma sbm vid bez heh gmx zga kiz pbr mgs ngo sbp wbi suw kiv kcz nym suk bdp tny nyj bmb sod byi hoo lgm khx lea zmq ktf isn nim rim ndj poy mgy mgv mpa nnq mgw ndg dne nxi kde ymk mvw mwe yao nse bwc tap auh bem leb lam kdg ndc mxc twx sna twl kck nmq dmx cce toh nbl nde ssw xho zul rng tso tsc ven kzn eko cwb mny nte chw llb vmr tke vmk mgh xmc vmw mhm xsq ngl lon brl nso two loz sot xkv tsn kdn mjh nya bwg swk seh nyu phm tog tum lej buu zmw ndk nlj vau leo bag ttf yat lem nvo tvu yas mlb baf btc yav ekm mmu 
btk	toba1265	btz btx btd bts bbc akb btm 
cai	
cau	
cba	chib1249	pay sab gym kvn cuk brn tfr bzd cjp cbg kog arh mbp mot chb tnd tbn tuf tnb gut rma 
ccn	
ccs	kart1248	sva jge kat oge lzz xmf 
cdc	chad1250	mqb mlr gid hya kvj bcw hig fkk jia xmj kot kqx xed hia vem mrt hbb mfm bwr ckl ngx mfl cie dgh gdf ngs mfh pbi glw mfi dme meq gnd mif mfk mxu mlw muy udl bdn gis giz mje mpk mug bdm aal mxf msv mpi syk bcy bta gdu hod jim ngw nja fli gde swq tsh ziz xmd hna bhs gou dkx dbq bvw gqa hwo jaf ttr cuv maf mfj jie bva moz muj btf mou trj bid daa mmy jeu ckq mes mub zrn mcw ubi saa sok tax ker kvi lln nnc kvf tng gab kqp mvh ndm sor tmc bvf gdk mlj swy mpg mse mcn zuy hed zim nnn lme fie tdk kul cla scw kbz mmf gwn hau kai glo kks nbh bxq bol gew gea dbb kof bvh ktc mew nmi kna kuh pip piy tan kpa ksq sur gek mtl ank kcs pcw tal cky kwl mjs anc dbp ngi bde auo twc ajw tgd dwa bbt pqa sir jmb kil mkf wji bux kkr zns grd jmi juu tak zah gji ldd plj dot zua say zaz 
cdd	cadd1255	cad wic kii ari paw 
cel	celt1248	xce xve xga xcg xlp xtg owl cym bre cor ghc glv gla gle sga nrc 
cmc	cham1327	ace hro cjm cja roc cje rgs rog huq ibh jra rad 
crp	
csu	cent2225	led niy lmi asv mdj ndp mdi mdk bct efe les mxh bvq mgd luc avu log lgg kbo omi mhi lul snm bot sys bdh blm mwu gbn mgc bex nwm yul fgr kcm kah ndy vae bmi kyq jyy glu bdo bxv mne dsi gvl hor mwm sba ksp lap bjv gqr mge dgk myb nmc kxj fuu sbz kwv kwg 
cus	cush1243	bej awn ahg byn xan dal bji hdy liq alw ktb drs sid aar ssy kxc dox gdl gaz gax orc hae ssn ymm rel som bsw jii dbr tqq bob gex arv dsh elo muu gwd tsb bnl aas wka bds wbj gow irk 
day	
dmn	mand1469	bib bqc bus bqp tye sho stj sym sbd mev daf neb goa yre ggu nhb gnj xgb moa wan bxl jek lig tjn bam bof dyu rkm emk mku mzj msc mxx jod jud kfo kga mnk xkg mwk jad mlq kao kke knk llc mfg kno vai sus yal gkp knu xpe lom tod bza zil lok men bbo bwq jow sos bxw dux dnn cpo bzx bze boo boz skq snk 
dra	drav1251	kfb nit pci gau gdb brh kru kxl kmj mjt bfq xua xub hoy xuj sle kan qkn kfe tcx iru pkr udg kfa url all aaf kej kev kfh mjo mjr mal mjq kpb thn ull vis ctt wkl wku pty pcg yea era ima mjp oty mjv muv pcf tam kep yeu ymr kfd vmd brw kfg tcy gno ggo daq emu fmu mut kff mrr kfc kxu kxv mha peg cde mju mmk tel wbq kwx 
egx	egyp1246	
esx	eski1264	ale ike kal ikt esi esk ess ynk ysr esu ems 
fiu	
fox	
gem	germ1287	got qer swe dan jut nor non fao isl frk deu uln ltz vmf ksh lim hrx sxu pfl pdc sli wym afr oor odt dum nld jvd pey vls zea brc dcr skw goh gmh gct swg gsw wae bar cim geh mhn ydd yih osx gml act drt nds pdt sdz stl twd vel wep gos ang sco enm pih eng vic bjs gyn trf aig afs gul bah tch svc gcl tgh jam qlm icr bzj bzk srm srn kww djk fpe gpe kri wes pcm hwc rop bis pis tpi tcs frr ofs stq fry 
gme	east2805	
gmq	nort3160	qer swe dan jut nor non fao isl 
gmw	west2793	frk deu uln ltz vmf ksh lim hrx sxu pfl pdc sli wym afr oor odt dum nld jvd pey vls zea brc dcr skw goh gmh gct swg gsw wae bar cim geh mhn ydd yih osx gml act drt nds pdt sdz stl twd vel wep gos ang sco enm pih eng vic bjs gyn trf aig afs gul bah tch svc gcl tgh jam qlm icr bzj bzk srm srn kww djk fpe gpe kri wes pcm hwc rop bis pis tpi tcs frr ofs stq fry 
grk	gree1276 grae1234	tsd grc gmy ell yej cpg pnt 
hmx	hmon1336	pnu shx hmq hea hms muq mmr bwx hmj hmd hml sfm hmz mww hrm hnj hmf hmv huj hmy hmg hmc hme hmi hmh hmm hmp hma hmw pha bwn buh bje bpn bmt ium mji 
hok	
iir	indo1320	san pli kyw mag tdb anp mai thr the tkt thq thl soi tkb mjz smm kra bmj dry dwz bho hns sdr sck gbm kfy dty jml npi plp jns mjl bht kfs cdh gbk pgg bhd cdj dgo xnr kjo hii kfx bfz srx rmt dmk rmi psu rmn rmy rml rmc rmw rmf rmo bge bhb bhi cdi dho duh gbl mup mke noe pcl rtw vaa wbr gas gra nlx bfb bgd bpx noi vas awa bfy hne pwr dub guj saz aeq gjk vgr kxp mki dhd hoj kbu kft lmn wry odk paq swv bgq jnd gda mtr gdx gju rwr wtm bhe gig mve kvx dhn khn bra bgc bjj bha bns hca hif hin urd ghr ggg bgw bhu hlb keq nhh ben bpy ksy lbm mkb rhg haj syl ccp ctg tnv kfv rkt asm nag rjs sjp ort bdv key ory rei spv kas qpp kls khw tra gwc trw wsv mvy btv clh gwf dml gwt nli sts aee psi glh psh bkk shd scl plk ush sdg xka phl pan ssi phr hno hnd pmu pnb jat skr kfr xhe luv mby sbn snd jdg lss gom knn pmh anr kfu mar omr phd smv vav dcc vah div sin ved cih lhl ave wbl xbc xpr smy bgp ktl bcc bgn glk rdb mzn srz gzi kfm siy ntz soj nyq gbz lsa sgr sqo lki ckb kmr sdh hac sdf bjm sdb xkc vmh tly xkj okh shm xkp tov hrz kgn avd esh tks atn vaf goz rat diq kiu oos xco sog yai oru prc wne pst pbu pbt kho xtq isk sgy yah srh sgh peo pal bsg zum lrl fay jdt ttt jpr pes aiq prs deh haz phv bhh tgk def bqi lrc luz mnj ydg prn xvi bsh ask trm wbk 
ijo	ijoo1239	ijs nkx iby ijn okr ijc ije okd orr 
inc	indo1321 indo1321	san pli kyw mag tdb anp mai thr the tkt thq thl soi tkb mjz smm kra bmj dry dwz bho hns sdr sck gbm kfy dty jml npi plp jns mjl bht kfs cdh gbk pgg bhd cdj dgo xnr kjo hii kfx bfz srx rmt dmk rmi psu rmn rmy rml rmc rmw rmf rmo bge bhb bhi cdi dho duh gbl mup mke noe pcl rtw vaa wbr gas gra nlx bfb bgd bpx noi vas awa bfy hne pwr dub guj saz aeq gjk vgr kxp mki dhd hoj kbu kft lmn wry odk paq swv bgq jnd gda mtr gdx gju rwr wtm bhe gig mve kvx dhn khn bra bgc bjj bha bns hca hif hin urd ghr ggg bgw bhu hlb keq nhh ben bpy ksy lbm mkb rhg haj syl ccp ctg tnv kfv rkt asm nag rjs sjp ort bdv key ory rei spv kas qpp kls khw tra gwc trw wsv mvy btv clh gwf dml gwt nli sts aee psi glh psh bkk shd scl plk ush sdg xka phl pan ssi phr hno hnd pmu pnb jat skr kfr xhe luv mby sbn snd jdg lss gom knn pmh anr kfu mar omr phd smv vav dcc vah div sin ved cih lhl 
ine	indo1319	xdc xls cms txh aln aae aat als hit xcr xlu hlu xlc imy xld plq xps xsd xcl hyw hye prg lav lit bel orv rus rue ukr chu bul mkd kjv svm slv bos hrv srp slk ces szl csb pox pol dsb hsb xce xve xga xcg xlp xtg owl cym bre cor ghc glv gla gle sga nrc got qer swe dan jut nor non fao isl frk deu uln ltz vmf ksh lim hrx sxu pfl pdc sli wym afr oor odt dum nld jvd pey vls zea brc dcr skw goh gmh gct swg gsw wae bar cim geh mhn ydd yih osx gml act drt nds pdt sdz stl twd vel wep gos ang sco enm pih eng vic bjs gyn trf aig afs gul bah tch svc gcl tgh jam qlm icr bzj bzk srm srn kww djk fpe gpe kri wes pcm hwc rop bis pis tpi tcs frr ofs stq fry xpg tsd grc gmy ell yej cpg pnt san pli kyw mag tdb anp mai thr the tkt thq thl soi tkb mjz smm kra bmj dry dwz bho hns sdr sck gbm kfy dty jml npi plp jns mjl bht kfs cdh gbk pgg bhd cdj dgo xnr kjo hii kfx bfz srx rmt dmk rmi psu rmn rmy rml rmc rmw rmf rmo bge bhb bhi cdi dho duh gbl mup mke noe pcl rtw vaa wbr gas gra nlx bfb bgd bpx noi vas awa bfy hne pwr dub guj saz aeq gjk vgr kxp mki dhd hoj kbu kft lmn wry odk paq swv bgq jnd gda mtr gdx gju rwr wtm bhe gig mve kvx dhn khn bra bgc bjj bha bns hca hif hin urd ghr ggg bgw bhu hlb keq nhh ben bpy ksy lbm mkb rhg haj syl ccp ctg tnv kfv rkt asm nag rjs sjp ort bdv key ory rei spv kas qpp kls khw tra gwc trw wsv mvy btv clh gwf dml gwt nli sts aee psi glh psh bkk shd scl plk ush sdg xka phl pan ssi phr hno hnd pmu pnb jat skr kfr xhe luv mby sbn snd jdg lss gom knn pmh anr kfu mar omr phd smv vav dcc vah div sin ved cih lhl ave wbl xbc xpr smy bgp ktl bcc bgn glk rdb mzn srz gzi kfm siy ntz soj nyq gbz lsa sgr sqo lki ckb kmr sdh hac sdf bjm sdb xkc vmh tly xkj okh shm xkp tov hrz kgn avd esh tks atn vaf goz rat diq kiu oos xco sog yai oru prc wne pst pbu pbt kho xtq isk sgy yah srh sgh peo pal bsg zum lrl fay jdt ttt jpr pes aiq prs deh haz phv bhh tgk def bqi lrc luz mnj ydg prn xvi bsh ask trm wbk xfa qbb lat rup ruo ruq ron dlm ist ita nap scn itk lij lmo pms sdc vec egl rgn fur lld roh fro wln frc pcd rcf cks hat lou gcr kmv gcf acf scf fra mfe crs frp cat oci pro ast mwl ext osp spa lad spq pln cbk tmg fax glg drc ccd por idb vkp aoa fab pre cri mzs mcm tvy kea pap pov arg mxi cos sdn sro src qhr osc xum xto txb 
ira	iran1269	ave wbl xbc xpr smy bgp ktl bcc bgn glk rdb mzn srz gzi kfm siy ntz soj nyq gbz lsa sgr sqo lki ckb kmr sdh hac sdf bjm sdb xkc vmh tly xkj okh shm xkp tov hrz kgn avd esh tks atn vaf goz rat diq kiu oos xco sog yai oru prc wne pst pbu pbt kho xtq isk sgy yah srh sgh peo pal bsg zum lrl fay jdt ttt jpr pes aiq prs deh haz phv bhh tgk def bqi lrc luz mnj ydg 
iro	iroq1247	chr cay lre ono see sqn wya moh one ntw tus 
itc	ital1284	xfa qbb lat rup ruo ruq ron dlm ist ita nap scn itk lij lmo pms sdc vec egl rgn fur lld roh fro wln frc pcd rcf cks hat lou gcr kmv gcf acf scf fra mfe crs frp cat oci pro ast mwl ext osp spa lad spq pln cbk tmg fax glg drc ccd por idb vkp aoa fab pre cri mzs mcm tvy kea pap pov arg mxi cos sdn sro src qhr osc xum 
kar	kare1337	ghk bwe kvq kvl kxf eky kyu pdu kvu kvy kxk blk kjp pwo kjt pww jkm kpp ksw wea 
kdo	
khi	
kro	krua1234 siam1242	blh ahm ahi bjw hwa btg kyf bev god bet ney gud gie dic kwp dee ggb bsq grj gbo gry grv gec pye ktj ted klu tja kqo nwb wob das glr oub krn krw gxx wec 
map	aust1307	bnn pwn pyu dru tay trv fos ami ais byq ckv kae atk cha eno nsy pau bdb duq dun apg tjg lbx twy kkx otd sya abx yka slm bdl sjm bdr sse sml ssb duw mhy pku tkg buc bzc bhr plt xmv bmm xmw tdx txy msh skg bkr nij ivb ivv tao bgi tiy tbl bpr bps blz bgz bzb bgb zbt loe mqn bsu bkz xkq vkl xmz tlk wow mzq pdo tdi vko raz lbw wru cia xks llm bup zka ues lix mnb pnp bna khc bhq brs kzf lew tvw toy unz klw myl pmf ttp lje sdu ppk bhz bep npy wtw kly lji kgx wlo bzl txe dok law txm bls dms ums pee tdj pam agv abc ayt abp sbl sgb blx smk xsb bhp kwh tre txn bay mqi lcd lrn woo kvo kpd baj kyd udj kvv kvp drn dij ddw bcd mxz vme sve vbb mss emw imr tvm bnd wah bvt ges bty bnf bgy hti ste sgu kzl hud wha nni nxl spb tlt plh kzb lhh hik htu tlu kzx hrk amq nul ltu spr asl bzn alo lcq mqp weo jal huk lcs lox sau alp nae kuv tev amv mhs huw lcl mqc szn kzd tlv ksx ski lmq slp lwt lmj aol lmr adr ila lwe lvu lmf kvh kuk mqy rjg reb riu wrx ple end ljl xxk nxe nxg ror nfa hvn kod xbr mvd akg wnk lmy wew frd kei jmd oni skz urn slu sws hbu tet tdt lva krd nxa wmh kje rmm lti lex dmr gal tve nil srw ilu tzn apx wet heg row dnk bpz llg rgu twu txq aaz bkx aoz mgm idt lka kem tkd pkg anx lek ncc lle nss ttv kxr pat twp sbc elu ktm los mft biq llf lid sbh tlx lib npn rak ler ncn pek blq loj ssg wuv ktk rtm fij goo llx lmv aud fud piv pkp mnv tkp num nkp wls tvl smo tkl kpg nkr sky ojv nuq nur nho rap haw mrv mri pnh rkh pmt ray rar mrq mqm aut tah mmw uve fut mxe niu ton bwb wyy dhv iai nen nau kos gil mah mkj pif pon mpy woe chk mrl puw stw cal nmt pfa tpv uli sov tox nmk pma crc mmg tvk fnb bpa ptv lpa llp etn erk bki bnk brj mmm lmu lww upv aul vrt klv ahb psw pgk onu mll mvt vao lrv lgk lzl vnm mwi nmb mme mrs dix tmb nms nvh mlx sns app sax ske sww lml omb nnd frt mrp rga lmb nsw mnl aor lnn mla sku ssv mkv tmi bnr plb tls nkk ptr tmt tlm vlp vnp alm akr nrg tgp wlr tsr wsi btr mwo mrb tql urr mrm mtt mlv tgs msn wwo hiw lht krf lkn lrz vra bgt nlg gri lgr mln brr tlr lgu apb bvd bvc far gmb kwd kwf llu mlu lgl alu dor ora aia bxa faf agw stn cam pri msq nee nua yly duf kdk jaz piz pme pop wmn fwa nem bwa aek hvk mrk mkt nek bpk cir axx ane sih aji aqr aok aty iff erg uur tnl tnn tnp tnk nwi emi tns nfl ngr nlz ntu tnx tkw vnk utp aua tbe wiv bbn tqp bjk lbv mmx koa sjr sgz tgg kqw rai bxf lbb rri baa tva vrs mte ttu urv sol nsn ppn pex hao hla sps hah tio tpz kzk hoa ksg mvo rug uge mpr nke ghn lga sbb bcm tgi kkk blp jaj mrn gga lgb kji gfk grz ksd vmg lih tbf ncf leu nal tbj tgc lcm bnp bjl mxm nak sij lbu lbq ylu laz gve msu srf adz hob zsa zsu waz mpl una mcy buk kcl jae kbm tbx mmo bzh pix val dac goc ksl ptp zeg hot ymp bch kvc khl mmt ggt tuc mgl mna xsi tmy met roe bcu mpn wab brz gdd dad mjk tbc apr bbv mqz tkv uvl kdf mee aie akt avb let mwg apo gip aaw bek mbh aix xkx pss mpo ssz lmg mwh kzu orz tti bpg kbi ism tpf ymn auq pdn wkd lio sob kxa kbw trb mjm bmc mva spe kis woc svb ykm tmq sry aps mbk sso mbq aui gvs mwc aai dgg pwg bmk wat ubr mum mvn tbo wed ykk grw hgw tpa wag ddi klx mox bwd viv yml mzz dob dva sew bwf gar bdd mwa dww kqf kud bxh tte oyy unu wgb sbe swp oum bmn zgr yob snc hul khz kbt meu kse nrz mek don rro mpx btp kij myw nmw tgo nuw yap irh nbn mhz tni wrp agf bed erw dsn mvx bhw rnn gop ire jau amk and mvr wad wbw mth ppm pmo bsm seu kjr wbb wsa yki asz xmx bhc wgo xmt kgb lcc slz wuy gei bzq mqa ptn szw mky gzn due mmn dul abd cts bcl bln agk agz atl bhk bto bno ceb rol bfx prh cps hil bks msb srv bvy cbw war kyn mtw btw tsg sgd tgn atm loc akl mlz krj srg cyo clu btn daw kyk mry msk klg kll kqe ksn fil tgl ill mdh mrw bne bld blf gor kzp llq swu mog pns atd mbt msm mbd mqk obo mbi mbb bgs mta mbs cgc mkx bkd mba tbw bya tgt pwm plc plw plv hnn bku bnj twb laa syb sfe stb skn suc kaw jvn jav jas osi tes agn tbk kge abl ljp byd bei lra sre sne bth trx sdo rej djo xem rir scg sdm kkv mad ban sas smw ace hro cjm cja roc cje rgs rog huq ibh jra rad kvr bew coa pea btj msi vkt mqg bjn bvu bve kxd iba mtd lkj sbx snb mhp dup ind jax kvb mui zsm mfb lce pse liw hji vkk lcf min zmi pel jak meo zlm orn ors mfa tmw urk goq mbf mfp ccm sci mkn lrt pmy abs bpq xmm max knx knl xdy bac sun tnw tnt tom tdn txs mwt mkm gay smr mwv nia skh btz btx btd bts bbc akb btm alj iry tdy atz ilo isd tiu ibg azt att atp agt itv yog gdg gad aqn agy inn itb iti knb kyb ksc kml kmd tis ity kmk bjx kkg blw lbk bkb kne itt xnn ifa ifk ifb ifu ilk pag ibl iwk kyj kak ify duo dgc apf prf duy mxr bhv kys xkn xkd bfg xay ree mxd sge bny zbw zbc zbe beg kyi ttg llk nrm lnd kzi lgi snv tgq xkl ulu xky whk ttw pez sib pne bdg dbj skp kag lhn mel dro kxn sdx pni hov xke pud puf pnm spg bvk bkn umi puj pna sjb bsb dtr bsy kqr kqt grm dkr tgb dtp kzj tdu ktr mqq kzs kzt drg dmv dtb abf srk txa ruu low dmg dpp txx kve kqv slg sbr bnb gnq kxi plz tih mvv bqr ntd itd blj tld sxn snl bnq rth ley bug cml emb tmn sly kjc kjk bnu mak mqx mdr mvp ptt wmm mli dkk pnc atq ptu ulm kli mqj rob tln sda sko skx bdx psn uun xsy tsu xnb sxr ssf bzg ppu 
mkh	aust1305	jah cwg kns knq tnz jhi mnq btq mzt sea tea ssm lnh sbo mhe szc sza tmo alk cua tdf tpu kta tkz tdr bdq moo hre ren sed kxy hal jeh hld xkk rmx kpm cma crw mng cmo rka mnn stt sti nev oyb spu krv krr brb lbo sqq stg pac phg ktv kuf ngt tto oog tth bru ncq sct sss brv kdt nyl aml kha pbv lyg mef dnu lbn uuu huo mml mqt tlq bgk kjm blr stu lwl lcp vwa wbm prk rbb pce pll ril yin khm kxm qok mra kjg khf puo tyh pnx mlf prt zng ply bbh mnw cbn omx kfq biy cdz mmj trd asr bix hoc unr ksz kfp ekl mjx sat gaq jun khr gbj bfw pcj juy srb caq ncb nik crv tef pcb cog smu scq syo thm aem scb pkt hnu tou vie bgl mtq nuo 
mno	mano1276	atd mbt msm mbd mqk obo mbi mbb bgs mta mbs cgc mkx bkd mba 
mun	mund1335	kfq biy cdz mmj trd asr bix hoc unr ksz kfp ekl mjx sat gaq jun khr gbj bfw pcj juy srb 
myn	maya1287	kek usp quv qum cak tzj acr quc poc poh agu ixl mam ttc emy ctu chf caa tzh tzo cac toj mhc jac kjb knj itz mop lac yua cob hus 
nah	azte1234	ngu azz nhq nhy nht ppl nch nhe nhw nhk nhp nhx nhc nlv ncx nhz nsu npl nhi nhn nci nhm ncj nhg xpo nhv naz nuz ncl azd azn 
nai	
ngf	nucl1709	ghs ykr sue zia bhg nou bjz dgx gcn kpr aez hkk okv kgq xse asc nks cns asy txt diy tml asi irx psa awy awv yir aws ahh awu ktt wms aax bwp tyn wng saw khe kzv kvz opm szb opk aip kwr iwo nxr kti kts yon bhl fai stm tlf tif urm mpt sug nkj tkx imo ubu mux med mbw gam nac cjv nof gvf sll sst doa kue nii whg wgi nbq wno hap dni dnt dna wlw dnw ndx wul yli nlk yac enq ipi kyc leq bir net hui ssx akh age aoe kew kjs kjy uvh mpv nib nop nif noc fag gsn mhf nis skc grg nkg nej nca rwo ufi nnf klt yuw skm smc klh iou awx wnc bmp dge frq gka dah asx ygm mtv nnk dev mjn bop yut ytw ded kqb kgf kmg mlh sej mpp msz noh ons slw kco kuo ksr bmu mci naf tim kpf spl gaf for gim gah aso zuh bef snp yby ino kbq kmu kyg ygr abg isa auy usa awb wsr agd gaj bjr tbg omw waj kyy gat ali dmc mkr bie buq mhl mvq mmi kmf aey bbd gmu snr igo pnr bpi bmx gap gyb mqe mcz nbk gaw rpt rmp sra fad ydk xsp utu mqv mqw swm wmc bbr bmh mtc mlp tnh sks ped pla wnu bql ybm prw ukg yrw kgu abw xow mjj hih wnb kpw kmh taw omo wdg pda imi msx ate anh ena pmr kqa sbq faj gao gkd mmq wtf asd snz xes ssj awm klm lei pup ssd boj bpu mdc snx duk jil kop eri rea usu ynl dnr urw six urg bpm tya gsp dui ggl spd ybo koz wsk eip xte mtg kpq kkl nlc nps ekg mnz wod auu daz 
nic	
nub	nubi1251 hara1258	fia onw mei brk kzh drb ghl kdu dil elh kko wll 
omq	otom1299	amu azm azg cux cut mbz mix mxb mxa mks mih vmj mxt mjc mtu mio mza xtd vmm mil mqh mxs xtp xts vmx mab mim xta mxv xty mip mxy vmq miz xtu mtx miu xtb mii mit miy vmc jmx mib mce xtm xtn mie xtj mig mdv xti meh xtt xtl mpm mvg trs trc trq ixc coz pbf pbe pow poe pps pls pca maa vmp maq maj vmy mzi mau vmz czn cta cly cya ctp ctz zpt zps zpx zoo zaf zpv zpg ztu zai zpa zpy zaw zac zpe zpj zab zpf zpn ztn zas zpi ztt zts ztx zaq zad zpc zar zaa zsr zpd zat zpu zae zty zav zpq zpo zca ztl zpr zpk zax ztg ztp zam zao ztm zpb zpm ztq zte zpz zpw zph zpp zpl chz cvn chj cso cuc csa ctl cpa cnt cco chq cnl cle cte pei ocu mat maz mmc otm otn otx ote otq otz otl ots ott pbs pmq pmz cip mom sut tpx tpc tcf tpl 
omv	
oto	otop1242	pei ocu mat maz mmc otm otn otx ote otq otz otl ots ott pbs pmq pmz 
paa	
phi	
plf	cent2245	bhp kwh tre txn bay mqi lcd lrn woo kvo kpd baj kyd udj kvv kvp drn dij ddw bcd mxz vme sve vbb mss emw imr tvm bnd wah bvt ges bty bnf bgy hti ste sgu kzl hud wha nni nxl spb tlt plh kzb lhh hik htu tlu kzx hrk amq nul ltu spr asl bzn alo lcq mqp weo jal huk lcs lox sau alp nae kuv tev amv mhs huw lcl mqc szn kzd tlv ksx ski lmq slp lwt lmj aol lmr adr ila lwe lvu lmf kvh kuk mqy rjg reb riu wrx ple end ljl xxk nxe nxg ror nfa hvn kod xbr mvd akg wnk lmy wew frd kei jmd oni skz urn slu sws hbu tet tdt lva krd nxa wmh kje rmm lti lex dmr gal tve nil srw ilu tzn apx wet heg row dnk bpz llg rgu twu txq aaz bkx aoz mgm idt lka kem tkd 
poz	mala1545	atk cha eno nsy pau bdb duq dun apg tjg lbx twy kkx otd sya abx yka slm bdl sjm bdr sse sml ssb duw mhy pku tkg buc bzc bhr plt xmv bmm xmw tdx txy msh skg bkr nij ivb ivv tao bgi tiy tbl bpr bps blz bgz bzb bgb zbt loe mqn bsu bkz xkq vkl xmz tlk wow mzq pdo tdi vko raz lbw wru cia xks llm bup zka ues lix mnb pnp bna khc bhq brs kzf lew tvw toy unz klw myl pmf ttp lje sdu ppk bhz bep npy wtw kly lji kgx wlo bzl txe dok law txm bls dms ums pee tdj pam agv abc ayt abp sbl sgb blx smk xsb bhp kwh tre txn bay mqi lcd lrn woo kvo kpd baj kyd udj kvv kvp drn dij ddw bcd mxz vme sve vbb mss emw imr tvm bnd wah bvt ges bty bnf bgy hti ste sgu kzl hud wha nni nxl spb tlt plh kzb lhh hik htu tlu kzx hrk amq nul ltu spr asl bzn alo lcq mqp weo jal huk lcs lox sau alp nae kuv tev amv mhs huw lcl mqc szn kzd tlv ksx ski lmq slp lwt lmj aol lmr adr ila lwe lvu lmf kvh kuk mqy rjg reb riu wrx ple end ljl xxk nxe nxg ror nfa hvn kod xbr mvd akg wnk lmy wew frd kei jmd oni skz urn slu sws hbu tet tdt lva krd nxa wmh kje rmm lti lex dmr gal tve nil srw ilu tzn apx wet heg row dnk bpz llg rgu twu txq aaz bkx aoz mgm idt lka kem tkd pkg anx lek ncc lle nss ttv kxr pat twp sbc elu ktm los mft biq llf lid sbh tlx lib npn rak ler ncn pek blq loj ssg wuv ktk rtm fij goo llx lmv aud fud piv pkp mnv tkp num nkp wls tvl smo tkl kpg nkr sky ojv nuq nur nho rap haw mrv mri pnh rkh pmt ray rar mrq mqm aut tah mmw uve fut mxe niu ton bwb wyy dhv iai nen nau kos gil mah mkj pif pon mpy woe chk mrl puw stw cal nmt pfa tpv uli sov tox nmk pma crc mmg tvk fnb bpa ptv lpa llp etn erk bki bnk brj mmm lmu lww upv aul vrt klv ahb psw pgk onu mll mvt vao lrv lgk lzl vnm mwi nmb mme mrs dix tmb nms nvh mlx sns app sax ske sww lml omb nnd frt mrp rga lmb nsw mnl aor lnn mla sku ssv mkv tmi bnr plb tls nkk ptr tmt tlm vlp vnp alm akr nrg tgp wlr tsr wsi btr mwo mrb tql urr mrm mtt mlv tgs msn wwo hiw lht krf lkn lrz vra bgt nlg gri lgr mln brr tlr lgu apb bvd bvc far gmb kwd kwf llu mlu lgl alu dor ora aia bxa faf agw stn cam pri msq nee nua yly duf kdk jaz piz pme pop wmn fwa nem bwa aek hvk mrk mkt nek bpk cir axx ane sih aji aqr aok aty iff erg uur tnl tnn tnp tnk nwi emi tns nfl ngr nlz ntu tnx tkw vnk utp aua tbe wiv bbn tqp bjk lbv mmx koa sjr sgz tgg kqw rai bxf lbb rri baa tva vrs mte ttu urv sol nsn ppn pex hao hla sps hah tio tpz kzk hoa ksg mvo rug uge mpr nke ghn lga sbb bcm tgi kkk blp jaj mrn gga lgb kji gfk grz ksd vmg lih tbf ncf leu nal tbj tgc lcm bnp bjl mxm nak sij lbu lbq ylu laz gve msu srf adz hob zsa zsu waz mpl una mcy buk kcl jae kbm tbx mmo bzh pix val dac goc ksl ptp zeg hot ymp bch kvc khl mmt ggt tuc mgl mna xsi tmy met roe bcu mpn wab brz gdd dad mjk tbc apr bbv mqz tkv uvl kdf mee aie akt avb let mwg apo gip aaw bek mbh aix xkx pss mpo ssz lmg mwh kzu orz tti bpg kbi ism tpf ymn auq pdn wkd lio sob kxa kbw trb mjm bmc mva spe kis woc svb ykm tmq sry aps mbk sso mbq aui gvs mwc aai dgg pwg bmk wat ubr mum mvn tbo wed ykk grw hgw tpa wag ddi klx mox bwd viv yml mzz dob dva sew bwf gar bdd mwa dww kqf kud bxh tte oyy unu wgb sbe swp oum bmn zgr yob snc hul khz kbt meu kse nrz mek don rro mpx btp kij myw nmw tgo nuw yap irh nbn mhz tni wrp agf bed erw dsn mvx bhw rnn gop ire jau amk and mvr wad wbw mth ppm pmo bsm seu kjr wbb wsa yki asz xmx bhc wgo xmt kgb lcc slz wuy gei bzq mqa ptn szw mky gzn due mmn dul abd cts bcl bln agk agz atl bhk bto bno ceb rol bfx prh cps hil bks msb srv bvy cbw war kyn mtw btw tsg sgd tgn atm loc akl mlz krj srg cyo clu btn daw kyk mry msk klg kll kqe ksn fil tgl ill mdh mrw bne bld blf gor kzp llq swu mog pns atd mbt msm mbd mqk obo mbi mbb bgs mta mbs cgc mkx bkd mba tbw bya tgt pwm plc plw plv hnn bku bnj twb laa syb sfe stb skn suc kaw jvn jav jas osi tes agn tbk kge abl ljp byd bei lra sre sne bth trx sdo rej djo xem rir scg sdm kkv mad ban sas smw ace hro cjm cja roc cje rgs rog huq ibh jra rad kvr bew coa pea btj msi vkt mqg bjn bvu bve kxd iba mtd lkj sbx snb mhp dup ind jax kvb mui zsm mfb lce pse liw hji vkk lcf min zmi pel jak meo zlm orn ors mfa tmw urk goq mbf mfp ccm sci mkn lrt pmy abs bpq xmm max knx knl xdy bac sun tnw tnt tom tdn txs mwt mkm gay smr mwv nia skh btz btx btd bts bbc akb btm alj iry tdy atz ilo isd tiu ibg azt att atp agt itv yog gdg gad aqn agy inn itb iti knb kyb ksc kml kmd tis ity kmk bjx kkg blw lbk bkb kne itt xnn ifa ifk ifb ifu ilk pag ibl iwk kyj kak ify duo dgc apf prf duy mxr bhv kys xkn xkd bfg xay ree mxd sge bny zbw zbc zbe beg kyi ttg llk nrm lnd kzi lgi snv tgq xkl ulu xky whk ttw pez sib pne bdg dbj skp kag lhn mel dro kxn sdx pni hov xke pud puf pnm spg bvk bkn umi puj pna sjb bsb dtr bsy kqr kqt grm dkr tgb dtp kzj tdu ktr mqq kzs kzt drg dmv dtb abf srk txa ruu low dmg dpp txx kve kqv slg sbr bnb gnq kxi plz tih mvv bqr ntd itd blj tld sxn snl bnq rth ley bug cml emb tmn sly kjc kjk bnu mak mqx mdr mvp ptt wmm mli dkk pnc atq ptu ulm kli mqj rob tln sda sko skx bdx psn 
pqe	cent2237	bhp kwh tre txn bay mqi lcd lrn woo kvo kpd baj kyd udj kvv kvp drn dij ddw bcd mxz vme sve vbb mss emw imr tvm bnd wah bvt ges bty bnf bgy hti ste sgu kzl hud wha nni nxl spb tlt plh kzb lhh hik htu tlu kzx hrk amq nul ltu spr asl bzn alo lcq mqp weo jal huk lcs lox sau alp nae kuv tev amv mhs huw lcl mqc szn kzd tlv ksx ski lmq slp lwt lmj aol lmr adr ila lwe lvu lmf kvh kuk mqy rjg reb riu wrx ple end ljl xxk nxe nxg ror nfa hvn kod xbr mvd akg wnk lmy wew frd kei jmd oni skz urn slu sws hbu tet tdt lva krd nxa wmh kje rmm lti lex dmr gal tve nil srw ilu tzn apx wet heg row dnk bpz llg rgu twu txq aaz bkx aoz mgm idt lka kem tkd pkg anx lek ncc lle nss ttv kxr pat twp sbc elu ktm los mft biq llf lid sbh tlx lib npn rak ler ncn pek blq loj ssg wuv ktk rtm fij goo llx lmv aud fud piv pkp mnv tkp num nkp wls tvl smo tkl kpg nkr sky ojv nuq nur nho rap haw mrv mri pnh rkh pmt ray rar mrq mqm aut tah mmw uve fut mxe niu ton bwb wyy dhv iai nen nau kos gil mah mkj pif pon mpy woe chk mrl puw stw cal nmt pfa tpv uli sov tox nmk pma crc mmg tvk fnb bpa ptv lpa llp etn erk bki bnk brj mmm lmu lww upv aul vrt klv ahb psw pgk onu mll mvt vao lrv lgk lzl vnm mwi nmb mme mrs dix tmb nms nvh mlx sns app sax ske sww lml omb nnd frt mrp rga lmb nsw mnl aor lnn mla sku ssv mkv tmi bnr plb tls nkk ptr tmt tlm vlp vnp alm akr nrg tgp wlr tsr wsi btr mwo mrb tql urr mrm mtt mlv tgs msn wwo hiw lht krf lkn lrz vra bgt nlg gri lgr mln brr tlr lgu apb bvd bvc far gmb kwd kwf llu mlu lgl alu dor ora aia bxa faf agw stn cam pri msq nee nua yly duf kdk jaz piz pme pop wmn fwa nem bwa aek hvk mrk mkt nek bpk cir axx ane sih aji aqr aok aty iff erg uur tnl tnn tnp tnk nwi emi tns nfl ngr nlz ntu tnx tkw vnk utp aua tbe wiv bbn tqp bjk lbv mmx koa sjr sgz tgg kqw rai bxf lbb rri baa tva vrs mte ttu urv sol nsn ppn pex hao hla sps hah tio tpz kzk hoa ksg mvo rug uge mpr nke ghn lga sbb bcm tgi kkk blp jaj mrn gga lgb kji gfk grz ksd vmg lih tbf ncf leu nal tbj tgc lcm bnp bjl mxm nak sij lbu lbq ylu laz gve msu srf adz hob zsa zsu waz mpl una mcy buk kcl jae kbm tbx mmo bzh pix val dac goc ksl ptp zeg hot ymp bch kvc khl mmt ggt tuc mgl mna xsi tmy met roe bcu mpn wab brz gdd dad mjk tbc apr bbv mqz tkv uvl kdf mee aie akt avb let mwg apo gip aaw bek mbh aix xkx pss mpo ssz lmg mwh kzu orz tti bpg kbi ism tpf ymn auq pdn wkd lio sob kxa kbw trb mjm bmc mva spe kis woc svb ykm tmq sry aps mbk sso mbq aui gvs mwc aai dgg pwg bmk wat ubr mum mvn tbo wed ykk grw hgw tpa wag ddi klx mox bwd viv yml mzz dob dva sew bwf gar bdd mwa dww kqf kud bxh tte oyy unu wgb sbe swp oum bmn zgr yob snc hul khz kbt meu kse nrz mek don rro mpx btp kij myw nmw tgo nuw yap irh nbn mhz tni wrp agf bed erw dsn mvx bhw rnn gop ire jau amk and mvr wad wbw mth ppm pmo bsm seu kjr wbb wsa yki asz xmx bhc wgo xmt kgb lcc slz wuy gei bzq mqa ptn szw mky gzn 
pqw	
pra	midd1350	
roa	roma1334	rup ruo ruq ron dlm ist ita nap scn itk lij lmo pms sdc vec egl rgn fur lld roh fro wln frc pcd rcf cks hat lou gcr kmv gcf acf scf fra mfe crs frp cat oci pro ast mwl ext osp spa lad spq pln cbk tmg fax glg drc ccd por idb vkp aoa fab pre cri mzs mcm tvy kea pap pov arg mxi cos sdn sro src 
sai	
sal	sali1255	blc til clm coo hur nok ptw sec squ str twa lut slh lil shs thp crd col oka fla spo cea qun cow cjh 
sdv	
sem	semi1276	akk xeb xna arb abv adf afb ayh acw jye ars acx ayn ssh acq acm abh auz yhd ayp avl arz aec bbz shu kcn apd pga acy apc ajp arq aao mey ajt yud aju ayl mlt aeb xaa ary uga oar syc bhn hrt aii cld tmr bjf lsd trg kqd aij huy syn lhs tru myz mid jpa sam amw hbo heb smp phn xpu xhd rzh inm xqt xsa gez gft gru mvz sgw ior mys amh agj har zwa stv wle tir dlk tig shv sqt hoh bhm hss gdq 
sgn	
sio	siou1252	chc xwc mhq cro hid asb sto dak lkt oma qua ksk osa win iow tta bll ofo 
sit	sino1245	goe xct adx bod bqh cda khg kbg tsk cna lbj zau bft prx nes sbu tpq jda spt hut lhm loy muk ola dre tcn ttz kgy kte scp syw jul nao xsr sgt bro lkh cgk gro sip dzo lya luk ole dka dzl neh tgf kjz xkf xkz kkf tsj kzq ght ghh ghe skj gvr nmm npa chx ths tge taj tdg bfu rnp ssk xzh rgk cdn bee drd cik xns kfk jna scu lae lbf der grt lax brx dis xac trp ria tpe usi aot kdq rah ruh kac sgp tcl pyx ckh kdv nbc nbe nph nnp kix lzn umn njb tvt nst ugo hpo atb acn lsi mhx bxd int tco tvn rmz rki mya obr yip phq sgk bzi lwm pyy cnc pho how byo enu ktp mpz hni aeu ahk ycp ymd slt jiy jiu lkc lhi lhu kaf ysd ycl lpo yiq hle ytl lis yta ysg yku ykn yik ywl ywt yit yif llh lwu ylm ymh ylo ymi lgh ytp ymq ymz ybk ypm ymx ymc ypn ypb yhl phh ykl yzk nsf nsd nos yiv yiu iii ygp smh ysy ywq yyz ych ywu yig yna aub yph ypp ypz ypa ypo ypg aza ysn yix yiz yso nuf zal ykt nty gqi ers nmy sxg nxq nru mvm qvy txg zhb pmi pmj qxs cng jiq ero jih dhi txo mxj zkr lep lhp drq byh cdm kgj kip kif kjl mgp mrd lif raq rav cuw kle ncd rab raa pum bap wly ctn cur ybh aph byw lbr lrr ybi emg raf tdh tij jee wme bhj suz vay dus klr kkt new brd thf ghk bwe kvq kvl kxf eky kyu pdu kvu kvy kxk blk kjp pwo kjt pww jkm kpp ksw wea bgg cvg lsh onp sdp suv dln pkh tcp cnh bgr cbl cfm lus biu hmr hra sch sez czt clt mrh shl zyp anm cdf nct nkd kmm lmk rnl tro aim nmh nmo cnw smt csy zom gnb vap kfw pck pub ral ctd tcz cnb hlt dao mwq cek cnk cmr csh csv mni nkh njm nri nbi pmx nnl npo nre nsm njo njh nsa pzn yim lpn jmn ajz mjw nmf nkb nng nma nbu nki njn nme nzm jkr adi mrg apt adl njz nbt tgj bfc bca bfs sjl mhu clk anl mro raw duu nun rji rau jnl och wxa lzh gan hak ltc hsn cjy cmn wuh dng czh wuu yue cdo nan cpx mnp czo tji tjs 
sla	slav1255	bel orv rus rue ukr chu bul mkd kjv svm slv bos hrv srp slk ces szl csb pox pol dsb hsb 
smi	saam1281	sia smn sjk sms sjd sjt smj sme sje sma sju 
son	song1307	hmb ses tst ddn dje khq kcy dsq tda twq 
sqj	
ssa	
syd	samo1298	mtm nio enf enh yrk xas sel 
tai	daic1237	zgm zhn nut zyg zhd tyz tys aho cuu blt soa khb yno tyr tyt tyj tpo thi aio kht ksu phk try shn tdd kkh nod tiz tjl twh tmm lao sou tha tts yoy phu pht pdi zzj pcc mlc zch zeh zgn zgb uan zln zlj zlq zqe skb tnu tsl zyj eee zyn zyb 
tbq	
trk	turk1311	xbo chv klj sty clw atv kim tyv aib ybe kjh cjs chg oui ili uig uzn uzs kir alt bak tat kaa kaz nog xpc kdr krc jct kum crh uum dlg sah slr kmz tuk qxq bgx gag tur slq azj azb 
tup	tupi1287	yrl tpn tpw cod omg 
tut	
tuw	tung1282	oac ude gld oaa ulc juc mnc sjo eve evn neg orh 
urj	ural1272	hun vro liv ekk vot izh krl olo lud vep fin fkv fit kca mns mhr mrj myv mdf udm kpv koi sia smn sjk sms sjd sjt smj sme sje sma sju mtm nio enf enh yrk xas sel 
wak	waka1280	has hei kwk myh dtd nuk 
wen	sorb1249	dsb hsb 
xgn	mong1329	dta xng mhj bxu bxm bxr khk mvf drh xal yuy mjg peh sce kxs zkt 
xnd	atha1245	tli eya apk apj apl apm nav apw aht bcr bea clc chp ing gwi haa hoi koy taa srs sek tfn tcb txc tau kuu crx caf dgr scs xsl kkz tgx tht ttm tce hup ktw mvb wlk tol xup coq gce tuu 
ypk	yupi1267	ess ynk ysr esu ems 
zle	east1426	bel orv rus rue ukr 
zls	sout3147	chu bul mkd kjv svm slv bos hrv srp 
zlw	west2792	slk ces szl csb pox pol dsb hsb 
znd	zand1246	brm pmb geq nzk zne 
